{
    "Plugins": [
        {
            "Info": {
                "SdfMetadata": {
                    "payloadAssetDependencies": {
                        "appliesTo": "prims",
                        "displayGroup": "Pipeline",
                        "type": "asset[]"
                    }
                },
                "Types": {
                    "SdfFileFormat": {
                        "displayName": "Sdf file format base class",
                        "target": "sdf"
                    },
                    "SdfTextFileFormat": {
                        "bases": [
                            "SdfFileFormat"
                        ],
                        "displayName": "Sdf Text File Format",
                        "extensions": [
                            "sdf"
                        ],
                        "formatId": "sdf"
                    }
                }
            },
            "LibraryPath": "",
            "Name": "sdf",
            "ResourcePath": "resources",
            "Root": "..",
            "Type": "library"
        }
    ]
}
