{
    "Plugins": [
        {
            "Info": {
                "Types": {
                    "UsdAbcAlembicFileFormat": {
                        "bases": [
                            "SdfFileFormat"
                        ],
                        "displayName": "USD Alembic File Format",
                        "extensions": [
                            "abc"
                        ],
                        "formatId": "abc",
                        "primary": true,
                        "target": "usd"
                    }
                }
            },
            "LibraryPath": "",
            "Name": "usdAbc",
            "ResourcePath": "resources",
            "Root": "..",
            "Type": "library"
        }
    ]
}
